pl_hostname,ra,dec
HD 142022 A,242.562592,-84.231613
HD 39091,84.291214,-80.469124
HD 137388 A,233.916367,-80.204590
GJ 3021,4.052823,-79.851181
HD 63454,114.841049,-78.278969
HD 212301,336.878845,-77.717926
CHXR 73,166.619893,-77.625877
CT Cha,166.037877,-76.455383
HD 196067,310.433716,-75.350800
HD 38283,84.258408,-73.699341
HD 131664,225.025314,-73.535339
HD 108341,186.880798,-71.422974
HD 100546,173.356003,-70.194786
HD 216437,343.664520,-70.073708
HD 175167,285.003479,-69.944244
HD 129445,221.512772,-68.762749
HD 95086,164.262589,-68.667343
HD 111232,192.215637,-68.425148
HD 11977,28.733881,-67.647301
HD 76700,133.481308,-66.800995
POTS-1,203.608877,-66.581116
HD 181433,291.289856,-66.468796
HD 181433,291.289856,-66.468796
HD 181433,291.289856,-66.468796
WD 0806-661,121.723902,-66.304650
HD 175607,285.272858,-66.192680
HD 7199,17.696762,-66.188164
HD 4308,11.163615,-65.649521
HIP 63242,194.383163,-65.646461
HD 25171,58.956001,-65.186676
HIP 107773,327.500519,-64.712540
HD 190984,302.877991,-64.620468
WASP-100,68.959728,-64.027039
HD 108147,186.442780,-64.022087
WASP-62,87.139961,-63.988434
HD 65216,118.422173,-63.647324
HD 65216,118.422173,-63.647324
HD 219077,348.527435,-62.700005
OGLE-TR-211,160.059951,-62.455601
OGLE-TR-132,162.644667,-61.957194
NGC 4349 127,186.147811,-61.820004
HD 147018,245.750610,-61.688763
HD 147018,245.750610,-61.688763
OGLE-TR-113,163.101667,-61.446806
OGLE-TR-111,163.324625,-61.405639
OGLE2-TR-L9,166.979921,-61.146263
OGLE-TR-182,167.327963,-61.095257
HD 196050,309.465454,-60.634483
HD 10180,24.473234,-60.511528
HD 10180,24.473234,-60.511528
HD 10180,24.473234,-60.511528
HD 10180,24.473234,-60.511528
HD 10180,24.473234,-60.511528
HD 10180,24.473234,-60.511528
HD 142415,239.419968,-60.200256
HD 23127,54.848495,-60.077843
HD 40307,88.517670,-60.023472
HD 40307,88.517670,-60.023472
HD 40307,88.517670,-60.023472
HD 40307,88.517670,-60.023472
HD 40307,88.517670,-60.023472
HD 27894,65.196030,-59.410835
HD 27442,64.120956,-59.302155
HD 102117,176.210251,-58.703709
HIP 65891,202.605301,-58.664356
HD 221287,352.834747,-58.209732
WASP-73,319.949610,-58.148876
AB Pic,94.803802,-58.054310
HD 30177,70.476555,-58.020756
HD 101930,175.875458,-58.006886
HD 154857,257.815521,-56.680798
HD 154857,257.815521,-56.680798
HD 2039,6.084491,-56.650047
HD 215497,341.653137,-56.599533
HD 215497,341.653137,-56.599533
HD 154672,257.520477,-56.449268
HD 121504,209.321823,-56.040043
HD 106906,184.471634,-55.975525
WASP-46,318.736981,-55.871780
WASP-97,24.604338,-55.772083
HIP 8541,27.526375,-54.464962
HD 63765,116.957161,-54.264145
HD 10647,25.622149,-53.740833
GJ 163,62.315273,-53.373699
GJ 163,62.315273,-53.373699
GJ 163,62.315273,-53.373699
HD 23079,54.929562,-52.915836
HD 113538,196.239487,-52.442924
HD 113538,196.239487,-52.442924
KELT-15,117.415037,-52.120453
HD 160691,266.036255,-51.834053
HD 160691,266.036255,-51.834053
HD 160691,266.036255,-51.834053
HD 160691,266.036255,-51.834053
GJ 676 A,262.546692,-51.636978
GJ 676 A,262.546692,-51.636978
GJ 676 A,262.546692,-51.636978
bet Pic,86.821198,-51.066513
GJ 86,32.608059,-50.823723
HR 810,40.639442,-50.800293
HD 28254,66.211273,-50.622192
HD 103197,178.220749,-50.292824
WASP-117,36.775432,-50.284519
HD 564,2.470091,-50.267822
WASP-99,39.897688,-50.008003
HD 330075,237.407043,-49.963524
HD 85390,147.510406,-49.790268
HD 213240,337.751526,-49.433270
DENIS-P J082303.1-491201,125.763050,-49.200359
HD 142,1.579898,-49.075191
HD 142,1.579898,-49.075191
GJ 832,323.391571,-49.009006
GJ 832,323.391571,-49.009006
RR Cae,65.273181,-48.651976
HD 216435,343.408051,-48.598286
HD 156411,259.964172,-48.549320
HD 48265,100.007195,-48.541954
WASP-88,309.511192,-48.462067
HD 41004 B,89.956886,-48.239841
HD 41004 A,89.956871,-48.239693
WASP-95,337.457189,-48.003086
HATS-17,192.189799,-47.613693
WASP-96,1.046351,-47.360626
HD 117618,203.106476,-47.271362
GJ 1132,153.715737,-47.156727
GJ 674,262.166443,-46.895191
HIP 70849,217.327347,-46.463818
HD 152079,253.373901,-46.332958
HD 148156,247.072006,-46.317623
WASP-18,24.354311,-45.677887
WASP-19,148.417002,-45.659191
Kapteyn,77.919090,-45.018414
HD 143361,240.459778,-44.434536
HD 85512,147.779388,-43.502789
HD 153950,256.128632,-43.309769
HD 83443,144.299286,-43.272205
HD 159868,264.748016,-43.145515
HD 159868,264.748016,-43.145515
HD 20794,49.981876,-43.069782
HD 20794,49.981876,-43.069782
HD 20794,49.981876,-43.069782
Lupus-TR-3,232.577571,-42.979908
WASP-23,101.127587,-42.761826
HD 166724,273.498657,-42.575375
KELT-14,108.301485,-42.409744
WASP-42,192.981545,-42.073608
WASP-4,353.562841,-42.061428
HD 27631,64.939461,-41.960266
HD 75289,131.918289,-41.736794
HIP 74890,229.572205,-41.420570
HD 73526,129.318680,-41.319103
HD 73526,129.318680,-41.319103
WASP-5,359.348991,-41.277149
HD 8535,20.905149,-41.269802
HD 109749,189.318237,-40.812115
HD 102365,176.629471,-40.500355
HD 125595,215.346603,-40.393948
HD 162020,267.659821,-40.318348
WASP-29,357.879538,-39.906719
HD 70642,125.367233,-39.705410
2MASS J12073346-3932539,181.889447,-39.548332
HD 6434,16.167295,-39.488216
2MASS J02192210-3925225,34.842106,-39.422928
WASP-7,311.042609,-39.225273
HD 147513,246.005371,-39.192982
WASP-63,94.336431,-38.323257
HD 4113,10.802486,-37.982632
HIP 105854,321.595306,-37.829430
HD 114613,198.013275,-37.803020
HD 187085,297.391541,-37.780552
HD 208487,329.332703,-37.763622
WASP-45,5.237497,-35.998260
GQ Lup,237.300427,-35.651421
HD 117207,202.337967,-35.570995
HD 190647,301.831970,-35.538631
HIP 67851,208.466919,-35.314362
HIP 67851,208.466919,-35.314362
HD 114386,197.665924,-35.054783
WASP-8,359.900292,-35.031391
WASP-8,359.900292,-35.031391
MOA 2009-BLG-266L,267.008125,-35.005411
GJ 667 C,259.745085,-34.996827
GJ 667 C,259.745085,-34.996827
GJ 667 C,259.745085,-34.996827
GJ 667 C,259.745085,-34.996827
GJ 667 C,259.745085,-34.996827
WASP-66,158.224966,-34.989845
MOA 2008-BLG-310L,268.560542,-34.778053
OGLE 2008-BLG-92L,266.872583,-34.726556
OGLE 2005-BLG-71L,267.540708,-34.673194
HD 16417,39.244198,-34.577976
HD 73267,129.074066,-34.459980
WASP-98,58.428794,-34.328194
WASP-94 A,313.783098,-34.135555
WASP-94 B,313.788158,-34.135521
MOA 2009-BLG-387L,268.461625,-33.990333
HD 50499,103.008438,-33.915562
HD 20868,50.177895,-33.730103
HD 93083,161.087143,-33.577023
HD 181720,290.720764,-32.919056
WASP-64,101.115041,-32.858402
GJ 433,173.862289,-32.539970
HD 47536,99.448410,-32.339733
OGLE 2007-BLG-368L,269.108167,-32.237417
WASP-15,208.927939,-32.159607
HD 114729,198.184402,-31.873348
HD 205739,324.535034,-31.737484
OGLE 2013-BLG-102L,268.029500,-31.690583
HD 45364,96.410316,-31.480953
HD 45364,96.410316,-31.480953
MOA 2010-BLG-477L,271.531006,-31.454477
GJ 3341,78.944663,-31.295951
MOA 2011-BLG-262L,270.097833,-31.245258
GJ 3634,164.646242,-31.143989
OGLE 2008-BLG-355L,269.786708,-30.759472
OGLE 2005-BLG-169L,271.522167,-30.732639
MOA 2010-BLG-328L,269.496333,-30.715175
WASP-41,190.618736,-30.639870
WASP-41,190.618736,-30.639870
WASP-79,66.370903,-30.600445
OGLE 2012-BLG-406L,268.325708,-30.471167
OGLE 2005-BLG-390L,268.579958,-30.377306
MOA 2008-BLG-379L,269.706000,-30.196931
WASP-72,41.039999,-30.169039
OGLE 2006-BLG-109L,268.143792,-30.087778
OGLE 2006-BLG-109L,268.143792,-30.087778
HD 73256,129.095901,-30.037626
HD 43197,93.398590,-29.897270
OGLE-TR-10,267.867708,-29.876361
OGLE 2013-BLG-341L B,268.031208,-29.846111
HD 169830,276.956177,-29.816866
HD 169830,276.956177,-29.816866
MOA-bin-1L,261.792500,-29.793972
HD 90156,155.980316,-29.645529
Fomalhaut,344.412689,-29.622236
OGLE-TR-056,269.147958,-29.539222
MOA 2007-BLG-400L,272.424917,-29.224153
MOA 2011-BLG-028L,270.854000,-29.213417
SWEEPS-11,269.758333,-29.198194
SWEEPS-4,269.724667,-29.189056
OGLE 2015-BLG-0966L,268.754250,-29.047111
OGLE 2003-BLG-235L,271.318125,-28.895000
HD 20782,50.014908,-28.854071
HD 164604,270.778900,-28.560644
MOA 2011-BLG-293L,268.913958,-28.476847
HD 30669,72.118690,-28.419298
OGLE 2014-BLG-124L,270.621708,-28.396250
HD 171238,278.681976,-28.072313
WASP-17,239.962306,-28.061733
OGLE 2012-BLG-0563L,271.490500,-27.712000
HD 47186,99.036613,-27.622297
HD 47186,99.036613,-27.622297
WASP-25,195.359879,-27.522200
OGLE 2013-BLG-0723L B,263.668792,-27.448111
OGLE 2011-BLG-265L,269.448833,-27.394528
MOA 2011-BLG-322L,271.223333,-27.220944
MOA 2007-BLG-192L,272.015825,-27.150075
OGLE 2012-BLG-26L,263.577917,-27.142750
OGLE 2012-BLG-26L,263.577917,-27.142750
OGLE 2011-BLG-251L,264.559083,-27.136139
HD 145377,242.901855,-27.078173
HD 192310,303.822449,-27.032976
HD 192310,303.822449,-27.032976
MOA 2009-BLG-319L,271.742208,-26.819692
HD 33283,77.004219,-26.797472
HD 216770,343.973785,-26.658764
PSR B1620-26,245.909262,-26.531594
MOA 2010-BLG-073L,272.547258,-26.522932
HD 4208,11.111043,-26.515680
HATS-13,316.961465,-26.096655
WASP-61,75.299663,-26.054144
HD 207832,328.151184,-26.026560
HD 207832,328.151184,-26.026560
HATS-8,294.941746,-25.748318
UZ For,53.869338,-25.739395
UZ For,53.869338,-25.739395
HATS-14,313.215479,-25.687334
HD 77338,135.302063,-25.527061
ROXs 12,246.615609,-25.456865
HD 134987,228.369446,-25.309347
HD 134987,228.369446,-25.309347
GJ 3293,67.148820,-25.169301
GJ 3293,67.148820,-25.169301
K2-24,242.573719,-24.990331
K2-24,242.573719,-24.990331
SR 12 AB,246.831300,-24.694553
2MASS J01225093-2439505,20.712243,-24.664049
ROXs 42 B,247.812567,-24.545471
HATS-3,312.457440,-24.428793
HD 30856,72.574425,-24.368839
OGLE 2012-BLG-358L,265.694875,-24.261000
HD 179949,288.888458,-24.179352
HD 4732,12.308117,-24.136671
HD 4732,12.308117,-24.136671
HD 86226,149.124359,-24.099390
Oph 11,245.605058,-24.087208
HD 98219,169.448135,-23.975414
WASP-20,5.160559,-23.935728
WASP-34,165.399561,-23.860636
WASP-22,52.818043,-23.819702
HD 181342,290.267639,-23.619572
HD 180902,289.823792,-23.558155
WASP-101,98.351102,-23.486210
GJ 317,130.246730,-23.456289
HATS-1,175.525336,-23.354836
HD 98649,170.215698,-23.217342
HIP 12961,41.678692,-23.086611
WASP-6,348.157246,-22.673937
HATS-2,176.739094,-22.562992
HATS-4,94.112075,-22.546885
HIP 5158,16.508533,-22.453154
HIP 5158,16.508533,-22.453154
HD 224693,359.974304,-22.428114
HD 60532,113.513252,-22.296066
HD 60532,113.513252,-22.296066
HATS-10,294.306813,-22.204477
WASP-78,63.756240,-22.116434
HD 95872,165.867114,-22.093977
HIP 78530,240.481064,-21.980389
HD 204313,322.050873,-21.726255
HD 204313,322.050873,-21.726255
HATS-5,67.222871,-21.481916
1RXS J160929.1-210524,242.376268,-21.083036
HD 204941,323.097961,-20.957422
HD 18742,45.044407,-20.802603
HD 202206,318.740692,-20.789209
HD 202206,318.740692,-20.789209
GSC 06214-00210,245.477780,-20.719202
HD 155233,257.768188,-20.654570
HD 220689,351.470795,-20.616030
HD 104067,179.791702,-20.353781
WASP-16,214.683032,-20.275484
HATS-9,290.810104,-20.166317
WASP-67,295.743840,-19.949596
HD 1666,5.218085,-19.931225
HD 11506,28.210558,-19.506975
HD 11506,28.210558,-19.506975
HD 156846,260.142944,-19.333746
WASP-68,305.095785,-19.314680
WASP-83,190.152085,-19.284243
7 CMa,99.170990,-19.255878
WASP-31,169.439021,-19.054773
HATS-6,88.146797,-19.031656
WASP-89,313.899962,-18.971106
HIP 79431,243.174057,-18.875504
HD 141937,238.073120,-18.436066
USco CTIO 108,241.475320,-18.312332
61 Vir,199.601318,-18.311195
61 Vir,199.601318,-18.311195
61 Vir,199.601318,-18.311195
WASP-55,203.758114,-17.503464
HD 125612,215.222977,-17.481522
HD 125612,215.222977,-17.481522
HD 125612,215.222977,-17.481522
HD 212771,336.762787,-17.263659
WASP-49,91.089427,-16.965294
BD-17 63,7.142942,-16.226345
HD 86264,149.240997,-15.895122
WASP-26,4.602897,-15.267305
HD 33844,78.150421,-14.951111
HD 33844,78.150421,-14.951111
PSR J1719-1438,259.791971,-14.633600
K2-21,340.303689,-14.488987
K2-21,340.303689,-14.488987
GJ 876,343.319733,-14.263700
GJ 876,343.319733,-14.263700
GJ 876,343.319733,-14.263700
GJ 876,343.319733,-14.263700
HD 33142,76.898087,-13.986480
BD-13 2130,114.288458,-13.906639
WASP-70 A,315.476951,-13.433218
HD 148427,247.117294,-13.399640
VHS J125601.92-125723.9,194.008964,-12.956031
Wolf 1061,247.575241,-12.662594
Wolf 1061,247.575241,-12.662594
Wolf 1061,247.575241,-12.662594
HD 69830,124.599777,-12.632174
HD 69830,124.599777,-12.632174
HD 69830,124.599777,-12.632174
HD 82943,143.711395,-12.129546
HD 82943,143.711395,-12.129546
HD 103774,179.231628,-12.107909
WASP-47,331.203047,-12.018885
WASP-47,331.203047,-12.018885
WASP-47,331.203047,-12.018885
WASP-47,331.203047,-12.018885
WASP-44,3.903165,-11.938115
HD 168746,275.457428,-11.922684
BD-11 4672,278.370148,-11.636039
HD 109271,188.398148,-11.621868
HD 109271,188.398148,-11.621868
WASP-50,43.688073,-10.898080
BD-10 3166,164.620003,-10.770376
HD 44219,95.059677,-10.725009
WASP-75,342.385707,-10.675560
HD 28185,66.609673,-10.550821
HD 96167,166.312790,-10.291301
HD 11964,29.290026,-10.242428
HD 11964,29.290026,-10.242428
WASP-43,154.908372,-9.806276
nu Oph,269.756622,-9.773632
nu Oph,269.756622,-9.773632
HD 168443,275.016388,-9.595722
HD 168443,275.016388,-9.595722
BD-08 2823,150.198837,-9.516680
BD-08 2823,150.198837,-9.516680
HD 106270,183.405350,-9.513381
eps Eri,53.232685,-9.458262
91 Aqr,348.972900,-9.087737
HD 38801,86.996567,-8.327700
HD 1690,5.305497,-8.281169
HD 6718,16.952761,-8.233706
HD 1461,4.674448,-8.053001
HD 1461,4.674448,-8.053001
WASP-36,131.580405,-8.026946
HD 110014,189.811523,-7.995564
K2-28,335.624384,-7.955366
GJ 581,229.861771,-7.722280
GJ 581,229.861771,-7.722280
GJ 581,229.861771,-7.722280
HD 210277,332.374451,-7.548654
HD 206610,325.853760,-7.408253
HD 106515 A,183.777359,-7.257327
WASP-77 A,37.155115,-7.060681
Qatar-2,207.655866,-6.804028
CoRoT-17,278.699254,-6.612234
WASP-35,76.081782,-6.229821
CoRoT-16,278.524691,-6.002595
BD-06 1339,88.251183,-5.994844
BD-06 1339,88.251183,-5.994844
HD 222582,355.464722,-5.985757
HD 2638,7.499466,-5.764002
HD 30562,72.151604,-5.674045
CoRoT-14,103.424211,-5.536037
HD 52265,105.075150,-5.367162
HD 126614,216.701172,-5.177780
WASP-69,315.025778,-5.094404
CoRoT-13,102.721137,-5.086445
WASP-106,166.429747,-5.079412
HD 7449,18.622173,-5.047387
HD 100777,173.964676,-4.755697
GJ 849,332.418121,-4.640729
K2-4,174.745640,-3.905585
HD 86081,149.024658,-3.808422
CoRoT-24,101.922547,-3.719301
CoRoT-24,101.922547,-3.719301
HD 16141,38.833035,-3.560602
WASP-39,217.326702,-3.444534
81 Cet,39.424168,-3.396175
HAT-P-45,274.373238,-3.381036
HD 107148,184.806213,-3.319789
CoRoT-1,102.079885,-3.102147
HAT-P-46,270.444201,-2.970947
HD 103720,179.171600,-2.778953
HD 179079,287.790955,-2.638385
HD 96063,166.185226,-2.513218
51 Eri,69.400551,-2.473548
HD 217107,344.564758,-2.395385
HD 217107,344.564758,-2.395385
HD 290327,80.839851,-2.277619
HD 114783,198.182434,-2.265040
HD 218566,347.294708,-2.260742
HD 92788,160.702209,-2.183756
WASP-80,303.167407,-2.144208
WASP-57,223.820104,-2.057665
NY Vir,204.700622,-2.030315
K2-5,169.303502,-1.877976
K2-5,169.303502,-1.877976
WASP-28,353.616152,-1.580064
HD 72659,128.513290,-1.568217
HD 99109,171.072327,-1.529076
K2-3,172.334949,-1.454787
K2-3,172.334949,-1.454787
K2-3,172.334949,-1.454787
CoRoT-12,100.765677,-1.296439
K2-6,178.192260,-1.198477
HD 19994,48.193485,-1.196101
HD 66428,120.869438,-1.162709
WASP-74,304.538823,-1.075676
K2-7,167.093771,-1.065755
CoRoT-7,100.956125,-1.063033
CoRoT-7,100.956125,-1.063033
75 Cet,38.039253,-1.034896
24 Sex,155.868210,-0.902244
24 Sex,155.868210,-0.902244
HD 192263,303.499359,-0.866877
HIP 97233,296.421967,-0.696645
CoRoT-4,102.194663,-0.672774
HD 217786,345.784180,-0.429622
K2-8,169.793665,-0.284375
HD 130322,221.886368,-0.281476
CoRoT-19,97.033582,-0.170681
WASP-54,205.454308,-0.128076
CoRoT-18,98.172410,-0.031586
K2-9,176.264468,0.005301
HD 164509,270.380127,0.104556
CoRoT-3,292.055263,0.121820
CoRoT-20,97.720408,0.226919
HIP 116454,353.955353,0.445516
K2-19,174.960319,0.603575
K2-19,174.960319,0.603575
CoRoT-10,291.063708,0.746143
WASP-71,29.263338,0.758834
HD 5319,13.755836,0.789553
HD 5319,13.755836,0.789553
CoRoT-5,101.277254,0.815239
WASP-37,221.943987,1.064966
HD 38529,86.645470,1.168193
HD 38529,86.645470,1.168193
WASP-32,3.961682,1.200451
K2-27,171.515165,1.230738
CoRoT-2,291.777056,1.383714
CoRoT-8,291.588518,1.426452
GJ 328,133.781754,1.546508
K2-10,172.121957,1.690636
HD 95089,164.698898,1.729216
HD 70573,125.708135,1.859323
WASP-84,131.107099,1.860033
WASP-82,72.660671,1.893921
K2-11,169.042002,1.986840
HD 149143,248.212708,2.084832
ome Ser,237.573105,2.196509
K2-12,173.192036,2.244884
HD 66141,120.566406,2.334571
WASP-24,227.215586,2.343304
K2-13,170.155528,2.502696
K2-14,178.057026,2.594245
K2-22,169.482818,2.619070
WASP-76,26.632746,2.700539
HD 10442,25.471457,2.704376
HD 12484,30.611374,2.815859
HD 102195,176.426224,2.821483
HD 99492,171.692825,3.006328
HD 102329,176.694351,3.474293
HD 200964,316.666016,3.803119
HD 200964,316.666016,3.803119
HAT-P-26,213.156383,4.059997
K2-15,178.110797,4.254747
HD 175541,283.920349,4.265325
CoRoT-23,279.782615,4.357806
K2-16,175.097258,4.557340
K2-16,175.097258,4.557340
HD 28678,67.856056,4.575287
HD 74156,130.604675,4.578097
HD 74156,130.604675,4.578097
HD 192699,304.025024,4.580795
HAT-P-41,297.322651,4.672421
HAT-P-35,123.250764,4.787023
GJ 1214,258.828837,4.963920
HD 46375,98.302597,5.462925
CoRoT-27,278.495813,5.538462
CoRoT-28,278.688338,5.573730
HD 159243,263.339783,5.700733
HD 159243,263.339783,5.700733
HAT-P-30,123.949894,5.836719
CoRoT-11,280.687263,5.937688
HAT-P-27,222.767436,5.947368
HD 37605,85.007210,6.060579
HD 37605,85.007210,6.060579
HAT-P-42,135.344391,6.097230
CoRoT-9,280.786712,6.204172
CoRoT-22,280.667115,6.219136
K2-17,178.329775,6.412261
WASP-2,307.725542,6.429536
GJ 179,73.023865,6.476539
CoRoT-29,278.902103,6.479651
CoRoT-25,280.629662,6.513829
CoRoT-6,281.072525,6.663194
HD 171028,278.064527,6.945743
CoRoT-26,279.750514,6.969787
WASP-90,315.531971,7.056235
WASP-103,249.314868,7.183352
HD 34445,79.420746,7.353343
WASP-104,160.602432,7.435026
K2-18,172.560460,7.588391
HD 4313,11.418160,7.845021
HD 183263,292.102386,8.358054
HD 183263,292.102386,8.358054
xi Aql,298.562012,8.461452
WASP-65,133.324304,8.523038
HD 220773,351.614349,8.643845
WASP-52,348.494748,8.761262
bet Cnc,124.128838,9.185545
GJ 504,199.193817,9.424156
HD 128311,219.002335,9.746518
HD 128311,219.002335,9.746518
WASP-38,243.959845,10.032566
HD 106252,183.372955,10.041638
HAT-P-43,128.925737,10.206653
CFBDSIR J145829+101343,224.620833,10.228611
HAT-P-57,274.743421,10.597294
18 Del,314.608063,10.839286
HD 45652,97.304962,10.933891
HD 196885,309.966156,11.249649
NGC 2682 Sand 364,132.486760,11.692484
HD 170469,277.295746,11.695502
NGC 2682 YBP 1194,132.753364,11.814655
NGC 2682 YBP 1514,132.753193,11.886530
HD 152581,253.431595,11.973746
HAT-P-50,118.063411,12.139410
HD 31253,73.681892,12.352201
Ross 458,195.194092,12.375724
HD 89307,154.588699,12.621108
PSR B1257+12,195.014903,12.682353
PSR B1257+12,195.014903,12.682353
PSR B1257+12,195.014903,12.682353
NN Ser,238.233879,12.912411
NN Ser,238.233879,12.912411
HD 73534,129.815842,12.960376
HD 75784,133.099747,13.233433
HD 145934,243.291140,13.239476
70 Vir,202.107544,13.778788
HD 1502,4.821110,14.054755
HD 102272,176.598068,14.123986
HAT-P-24,108.825058,14.262599
BD+15 2375,176.482174,14.616381
BD+14 4559,318.399963,14.689387
HN Peg,326.130554,14.771939
K2-25,63.273432,15.247763
HD 285507,61.755104,15.335032
GJ 3470,119.774349,15.391492
HD 142245,238.234497,15.430708
BD+15 2940,240.095566,15.546930
HD 210702,332.963867,16.040550
2MASS J21402931+1625183 A,325.122159,16.421759
WISEP J121756.91+162640.2 A,184.487125,16.444500
HD 231701,293.017334,16.474291
alf Tau,68.980164,16.509302
HAT-P-23,306.123854,16.762152
GU Psc,18.146006,17.065475
tau Boo,206.815598,17.456905
HD 24040,57.595699,17.476366
HD 114762,198.082260,17.517122
11 Com,185.179276,17.792868
HAT-P-39,113.758247,17.830082
DP Leo,169.316667,17.961417
HAT-P-34,303.195342,18.104868
HD 88133,152.531982,18.186871
HD 131496,223.345947,18.235401
WASP-21,347.492721,18.396086
HD 219828,349.694733,18.645720
HD 195019,307.077637,18.769497
HD 209458,330.794891,18.884319
HD 285968,70.732407,18.958172
eps Tau,67.154167,19.180431
Pr0211,130.547882,19.277044
Pr0211,130.547882,19.277044
TYC 1422-614-1,154.277798,19.558472
TYC 1422-614-1,154.277798,19.558472
gam 1 Leo,154.993149,19.841488
BD+20 2457,154.186910,19.891409
BD+20 2457,154.186910,19.891409
HD 10697,26.232603,20.083149
Pr0201,130.432596,20.226891
HD 5891,15.138300,20.292484
HD 81040,140.946198,20.364454
BD+20 1790,110.931612,20.416334
HD 100655,173.765640,20.441545
HD 4203,11.171676,20.448927
HD 4203,11.171676,20.448927
HD 37124,84.260361,20.730787
HD 37124,84.260361,20.730787
HD 37124,84.260361,20.730787
51 Peg,344.366577,20.768833
BD+20 274,25.920324,21.005314
HIP 14810,47.809292,21.097359
HIP 14810,47.809292,21.097359
HIP 14810,47.809292,21.097359
HR 8799,346.869659,21.134251
HR 8799,346.869659,21.134251
HR 8799,346.869659,21.134251
HR 8799,346.869659,21.134251
HD 208527,329.099945,21.239859
HD 3651,9.840858,21.250473
WASP-14,218.276477,21.894714
HD 108863,187.582962,21.948244
LkCa 15,69.824148,22.350967
LkCa 15,69.824148,22.350967
HD 189733,300.182129,22.710854
HD 108874,187.612015,22.879829
HD 108874,187.612015,22.879829
2MASS J04414489+2301513,70.437073,23.030941
WASP-56,183.366285,23.055698
HD 79498,138.789169,23.375549
alf Ari,31.793364,23.462423
HD 14067,34.293499,23.767832
KELT-8,283.305510,24.127380
HD 50554,103.678436,24.245558
HAT-P-20,111.916469,24.336630
K2-29,62.670647,24.402043
K2-26,94.206580,24.596410
30 Ari B,39.240585,24.648064
HD 116029,200.164764,24.648699
WASP-59,349.623126,24.889290
FU Tau,65.898908,25.049898
HAT-P-25,48.435419,25.197405
HD 12661,31.142866,25.414305
HD 12661,31.142866,25.414305
HAT-P-54,99.898000,25.482540
KELT-4 A,157.062546,25.573189
HD 97658,168.638184,25.710384
HAT-P-55,264.273447,25.731186
GJ 649,254.536880,25.744160
HD 177830,286.336548,25.920660
HD 177830,286.336548,25.920660
mu Leo,148.190903,26.006952
HD 203030,319.742584,26.230545
HD 164922,270.628601,26.313002
HD 32963,76.982353,26.327963
V0391 Peg,331.050440,26.418860
HAT-P-31,271.537705,26.426662
DH Tau,67.423158,26.549520
HAT-P-49,305.441397,26.692652
GJ 436,175.546219,26.706570
HD 145457,242.516312,26.742750
eps CrB,239.396881,26.877880
HAT-P-56,100.848038,27.252293
HD 158038,261.439301,27.303341
HD 62509,116.328957,28.026199
HD 188015,298.018921,28.100376
XO-1,240.549350,28.169586
55 Cnc,133.149216,28.330818
55 Cnc,133.149216,28.330818
55 Cnc,133.149216,28.330818
55 Cnc,133.149216,28.330818
55 Cnc,133.149216,28.330818
HD 185269,294.298920,28.499865
HD 8574,21.302153,28.566692
HAT-P-52,42.721679,29.022396
HIP 109600,333.026062,29.065811
HD 156668,259.418701,29.227226
HD 9446,23.334101,29.265148
HD 9446,23.334101,29.265148
HD 164595,270.162048,29.571922
omi CrB,230.035660,29.616209
WASP-12,97.636640,29.672291
WASP-135,267.284974,29.879107
HD 190360,300.905853,29.896805
HD 190360,300.905853,29.896805
tau Gem,107.784882,30.245163
HAT-P-17,324.536396,30.488716
HAT-P-17,324.536396,30.488716
KELT-6,195.981868,30.640051
KELT-6,195.981868,30.640051
WASP-11,47.368964,30.673594
KELT-2 A,92.663948,30.957144
HIP 57274,176.170685,30.959293
HIP 57274,176.170685,30.959293
HIP 57274,176.170685,30.959293
HD 1605,5.131330,30.974804
HD 1605,5.131330,30.974804
WASP-60,356.666564,31.155935
WASP-10,348.992912,31.462852
HD 67087,121.915649,31.551319
HD 67087,121.915649,31.551319
HD 22781,55.206356,31.826290
HD 180314,288.709198,31.860350
WASP-1,5.166978,31.989990
HAT-P-38,35.383234,32.246151
HD 13189,32.417381,32.316437
HAT-P-51,21.065190,32.810764
HAT-P-18,256.346473,33.012512
HD 75898,133.461685,33.056812
KELT-7,78.295532,33.318165
HD 155358,257.394226,33.355854
HD 155358,257.394226,33.355854
HAT-P-33,113.184212,33.835052
WASP-13,140.102976,33.882439
HD 5608,14.559246,33.950886
HD 87883,152.179749,34.242260
HD 187123,296.742126,34.419525
HD 187123,296.742126,34.419525
HD 8673,21.536604,34.579700
HD 178911 B,287.262939,34.599850
HAT-P-19,9.516742,34.711575
HAT-P-28,13.000766,34.728413
HD 82886,143.938263,34.780743
HD 5583,14.486255,34.985561
HAT-P-8,343.041067,35.447109
kap CrB,237.808044,35.657383
WASP-3,278.631793,35.661533
HAT-P-4,229.991354,36.229664
WTS-1,293.993200,36.290325
HD 173416,280.900452,36.556606
Kepler-75,291.137593,36.577386
HAT-P-5,274.405476,36.621410
TrES-1,286.041062,36.632629
WTS-2,293.732796,36.815491
HAT-P-9,110.168529,37.140652
TrES-4,268.304354,37.211849
Kepler-262,290.728675,37.252649
Kepler-262,290.728675,37.252649
Kepler-264,292.044615,37.376246
Kepler-264,292.044615,37.376246
TrES-3,268.029265,37.546154
WASP-33,36.712746,37.550484
Kepler-263,292.469762,37.567794
Kepler-263,292.469762,37.567794
Kepler-261,291.364773,37.609184
Kepler-261,291.364773,37.609184
Kepler-356,292.421077,37.682819
Kepler-356,292.421077,37.682819
Kepler-156,290.296515,37.749490
Kepler-156,290.296515,37.749490
Kepler-19,290.420839,37.851786
Kepler-19,290.420839,37.851786
Kepler-98,285.661662,37.964506
Kepler-260,291.925972,38.014122
Kepler-260,291.925972,38.014122
Kepler-268,291.976175,38.055075
Kepler-268,291.976175,38.055075
Kepler-323,291.382240,38.127473
Kepler-323,291.382240,38.127473
Kepler-454,287.478529,38.228866
Kepler-454,287.478529,38.228866
HAT-P-14,260.116169,38.242165
Kepler-405,291.409458,38.340030
Kepler-405,291.409458,38.340030
Kepler-24,290.413267,38.343754
Kepler-24,290.413267,38.343754
Kepler-24,290.413267,38.343754
Kepler-24,290.413267,38.343754
Kepler-167,292.658441,38.345413
Kepler-167,292.658441,38.345413
Kepler-167,292.658441,38.345413
Kepler-167,292.658441,38.345413
HD 149026,247.623413,38.347309
Kepler-418,294.433512,38.355450
Kepler-383,291.342584,38.363134
Kepler-383,291.342584,38.363134
Kepler-149,285.853667,38.384119
Kepler-149,285.853667,38.384119
Kepler-149,285.853667,38.384119
Kepler-9,285.573981,38.400892
Kepler-9,285.573981,38.400892
Kepler-9,285.573981,38.400892
Kepler-376,291.607165,38.410386
Kepler-376,291.607165,38.410386
Kepler-274,292.922774,38.477274
Kepler-274,292.922774,38.477274
Kepler-234,291.653519,38.494659
Kepler-234,291.653519,38.494659
Kepler-275,292.479713,38.514927
Kepler-275,292.479713,38.514927
Kepler-275,292.479713,38.514927
KIC 3558849,294.949847,38.605197
Kepler-415,293.804434,38.639131
Kepler-415,293.804434,38.639131
Kepler-371,292.326464,38.657588
Kepler-371,292.326464,38.657588
Kepler-93,291.418281,38.672354
Kepler-93,291.418281,38.672354
HAT-P-1,344.445104,38.674953
Kepler-198,290.673130,38.691011
Kepler-198,290.673130,38.691011
Kepler-278,290.107193,38.702235
Kepler-278,290.107193,38.702235
Kepler-146,294.110756,38.710230
Kepler-146,294.110756,38.710230
Kepler-21,287.361816,38.714016
Kepler-377,295.422002,38.735691
Kepler-377,295.422002,38.735691
Kepler-135,290.495129,38.795481
Kepler-135,290.495129,38.795481
Kepler-157,291.097225,38.875609
Kepler-157,291.097225,38.875609
Kepler-379,295.701103,38.945831
Kepler-379,295.701103,38.945831
Kepler-30,285.283636,38.947281
Kepler-30,285.283636,38.947281
Kepler-30,285.283636,38.947281
HD 45350,97.190460,38.962963
HAT-P-53,21.871105,38.968147
Kepler-317,294.943885,39.032062
Kepler-317,294.943885,39.032062
Kepler-276,293.568150,39.036326
Kepler-276,293.568150,39.036326
Kepler-276,293.568150,39.036326
Kepler-277,286.583175,39.077209
Kepler-277,286.583175,39.077209
Kepler-147,287.975766,39.087181
Kepler-147,287.975766,39.087181
XO-5,116.716527,39.094578
Kepler-58,296.358649,39.115194
Kepler-58,296.358649,39.115194
Kepler-58,296.358649,39.115194
Kepler-416,291.556965,39.227287
Kepler-416,291.556965,39.227287
14 And,352.822571,39.236198
Kepler-235,286.079103,39.278313
Kepler-235,286.079103,39.278313
Kepler-235,286.079103,39.278313
Kepler-235,286.079103,39.278313
Kepler-442,285.366589,39.280081
Kepler-331,291.834328,39.307358
Kepler-331,291.834328,39.307358
Kepler-331,291.834328,39.307358
Kepler-183,293.530848,39.315898
Kepler-183,293.530848,39.315898
Kepler-120,287.891632,39.339124
Kepler-120,287.891632,39.339124
KELT-1,0.362142,39.383808
HAT-P-15,66.248026,39.460636
Kepler-25,286.638393,39.487894
Kepler-25,286.638393,39.487894
Kepler-25,286.638393,39.487894
Kepler-288,288.916426,39.594717
Kepler-288,288.916426,39.594717
Kepler-288,288.916426,39.594717
Kepler-76,294.192118,39.619003
Kepler-121,286.162064,39.677995
Kepler-121,286.162064,39.677995
Kepler-350,285.419606,39.706107
Kepler-350,285.419606,39.706107
Kepler-350,285.419606,39.706107
Kepler-319,288.811943,39.770658
Kepler-319,288.811943,39.770658
Kepler-319,288.811943,39.770658
Kepler-158,284.032244,39.781348
Kepler-158,284.032244,39.781348
Kepler-168,294.710165,39.825104
Kepler-168,294.710165,39.825104
Kepler-236,283.866378,39.898092
Kepler-236,283.866378,39.898092
Kepler-122,291.111883,39.949104
Kepler-122,291.111883,39.949104
Kepler-122,291.111883,39.949104
Kepler-122,291.111883,39.949104
Kepler-122,291.111883,39.949104
PH1,298.215108,39.955104
Kepler-80,296.112564,39.978779
Kepler-80,296.112564,39.978779
Kepler-80,296.112564,39.978779
Kepler-80,296.112564,39.978779
Kepler-328,295.809289,40.008503
Kepler-328,295.809289,40.008503
Kepler-103,288.984555,40.064521
Kepler-103,288.984555,40.064521
Kepler-199,295.559419,40.236271
Kepler-199,295.559419,40.236271
Kepler-130,288.450665,40.245305
Kepler-130,288.450665,40.245305
Kepler-130,288.450665,40.245305
Kepler-109,290.392721,40.284875
Kepler-109,290.392721,40.284875
Kepler-340,295.933477,40.300570
Kepler-340,295.933477,40.300570
Kepler-305,299.224311,40.343182
Kepler-305,299.224311,40.343182
Kepler-305,299.224311,40.343182
Kepler-398,291.468662,40.343853
Kepler-398,291.468662,40.343853
KELT-3,148.643324,40.388069
Kepler-307,297.795132,40.417703
Kepler-307,297.795132,40.417703
Kepler-237,283.221387,40.421834
Kepler-237,283.221387,40.421834
47 UMa,164.866562,40.430256
47 UMa,164.866562,40.430256
47 UMa,164.866562,40.430256
Kepler-308,295.785154,40.439550
Kepler-308,295.785154,40.439550
Kepler-400,290.944481,40.480035
Kepler-400,290.944481,40.480035
Kepler-84,298.252049,40.496077
Kepler-84,298.252049,40.496077
Kepler-84,298.252049,40.496077
Kepler-84,298.252049,40.496077
Kepler-84,298.252049,40.496077
Kepler-150,288.234084,40.520905
Kepler-150,288.234084,40.520905
Kepler-150,288.234084,40.520905
Kepler-150,288.234084,40.520905
Kepler-96,297.069643,40.525141
HD 23596,57.001556,40.530636
Kepler-348,297.255050,40.548373
Kepler-348,297.255050,40.548373
Kepler-304,294.441763,40.557587
Kepler-304,294.441763,40.557587
Kepler-304,294.441763,40.557587
Kepler-53,290.461775,40.562462
Kepler-53,290.461775,40.562462
Kepler-53,290.461775,40.562462
Kepler-425,290.358009,40.567738
Kepler-428,290.581722,40.577400
Kepler-49,292.294579,40.591801
Kepler-49,292.294579,40.591801
Kepler-49,292.294579,40.591801
Kepler-49,292.294579,40.591801
Kepler-306,288.538671,40.616140
Kepler-306,288.538671,40.616140
Kepler-306,288.538671,40.616140
Kepler-306,288.538671,40.616140
Kepler-238,287.897113,40.637815
Kepler-238,287.897113,40.637815
Kepler-238,287.897113,40.637815
Kepler-238,287.897113,40.637815
Kepler-238,287.897113,40.637815
KIC 5437945,288.474857,40.651357
Kepler-239,294.202137,40.663406
Kepler-239,294.202137,40.663406
KOI-142,291.148088,40.669407
KOI-142,291.148088,40.669407
Kepler-399,299.501738,40.670806
Kepler-399,299.501738,40.670806
Kepler-399,299.501738,40.670806
Kepler-240,291.158774,40.750263
Kepler-240,291.158774,40.750263
Kepler-338,282.978956,40.784347
Kepler-338,282.978956,40.784347
Kepler-338,282.978956,40.784347
Kepler-338,282.978956,40.784347
HD 49674,102.877151,40.867756
Kepler-159,297.070170,40.868784
Kepler-159,297.070170,40.868784
Kepler-333,292.286069,40.913584
Kepler-333,292.286069,40.913584
Kepler-370,292.171121,40.916306
Kepler-370,292.171121,40.916306
Kepler-169,285.999891,40.919329
Kepler-169,285.999891,40.919329
Kepler-169,285.999891,40.919329
Kepler-169,285.999891,40.919329
Kepler-169,285.999891,40.919329
Kepler-131,288.530825,40.942304
Kepler-131,288.530825,40.942304
Kepler-48,299.139212,40.949020
Kepler-48,299.139212,40.949020
Kepler-48,299.139212,40.949020
Kepler-48,299.139212,40.949020
Kepler-433,297.593651,40.977268
KOI-12,297.453731,41.010991
Kepler-151,292.162778,41.023235
Kepler-151,292.162778,41.023235
HAT-P-21,171.274955,41.027954
HAT-P-2,245.151489,41.048084
Kepler-241,292.913118,41.060921
Kepler-241,292.913118,41.060921
Kepler-45,292.872900,41.064261
Kepler-27,292.236769,41.085876
Kepler-27,292.236769,41.085876
Kepler-7,288.581516,41.089800
HD 43691,94.894485,41.092304
KOI-55,296.356105,41.092755
KOI-55,296.356105,41.092755
Kepler-65,288.688700,41.151173
Kepler-65,288.688700,41.151173
Kepler-65,288.688700,41.151173
Kepler-390,291.628777,41.208603
Kepler-390,291.628777,41.208603
KIC 5951458,288.991582,41.223038
HD 89744,155.544006,41.229530
Kepler-200,284.409920,41.237465
Kepler-200,284.409920,41.237465
Kepler-265,290.510478,41.244820
Kepler-265,290.510478,41.244820
Kepler-265,290.510478,41.244820
Kepler-265,290.510478,41.244820
Kepler-201,293.626040,41.272827
Kepler-201,293.626040,41.272827
Kepler-99,297.354004,41.300049
Kepler-363,283.192081,41.305393
Kepler-363,283.192081,41.305393
Kepler-363,283.192081,41.305393
Kepler-202,282.973419,41.322006
Kepler-202,282.973419,41.322006
Kepler-336,290.237643,41.331370
Kepler-336,290.237643,41.331370
Kepler-336,290.237643,41.331370
Kepler-354,285.751452,41.335640
Kepler-354,285.751452,41.335640
Kepler-354,285.751452,41.335640
Kepler-132,283.235810,41.343037
Kepler-132,283.235810,41.343037
Kepler-132,283.235810,41.343037
Kepler-74,293.092525,41.355523
Kepler-203,297.089977,41.388039
Kepler-203,297.089977,41.388039
Kepler-203,297.089977,41.388039
ups And,24.199345,41.405460
ups And,24.199345,41.405460
ups And,24.199345,41.405460
ups And,24.199345,41.405460
Kepler-118,299.213164,41.424824
Kepler-118,299.213164,41.424824
Kepler-440,285.349952,41.452206
Kepler-92,289.086058,41.562941
Kepler-92,289.086058,41.562941
Kepler-92,289.086058,41.562941
Kepler-170,284.521193,41.629604
Kepler-170,284.521193,41.629604
Kepler-444,289.752289,41.634605
Kepler-444,289.752289,41.634605
Kepler-444,289.752289,41.634605
Kepler-444,289.752289,41.634605
Kepler-444,289.752289,41.634605
HD 136418,229.775757,41.733208
Kepler-171,296.771914,41.755537
Kepler-171,296.771914,41.755537
Kepler-171,296.771914,41.755537
Kepler-353,296.856633,41.758180
Kepler-353,296.856633,41.758180
Kepler-204,285.347187,41.761925
Kepler-204,285.347187,41.761925
Kepler-269,290.215171,41.775967
Kepler-269,290.215171,41.775967
Kepler-242,286.565695,41.808403
Kepler-242,286.565695,41.808403
Kepler-172,283.368413,41.821857
Kepler-172,283.368413,41.821857
Kepler-172,283.368413,41.821857
Kepler-172,283.368413,41.821857
Kepler-206,291.634678,41.833866
Kepler-206,291.634678,41.833866
Kepler-206,291.634678,41.833866
Kepler-205,285.287111,41.861172
Kepler-205,285.287111,41.861172
Kepler-56,293.758347,41.871869
Kepler-56,293.758347,41.871869
Kepler-173,294.646695,41.884106
Kepler-173,294.646695,41.884106
KOI-94,297.333057,41.891117
KOI-94,297.333057,41.891117
KOI-94,297.333057,41.891117
KOI-94,297.333057,41.891117
Kepler-449,293.732821,41.900829
Kepler-449,293.732821,41.900829
Kepler-11,297.115123,41.909138
Kepler-11,297.115123,41.909138
Kepler-11,297.115123,41.909138
Kepler-11,297.115123,41.909138
Kepler-11,297.115123,41.909138
Kepler-11,297.115123,41.909138
Kepler-438,281.645806,41.951092
Kepler-152,286.865479,41.989086
Kepler-152,286.865479,41.989086
Kepler-100,291.385979,41.990273
Kepler-100,291.385979,41.990273
Kepler-100,291.385979,41.990273
Kepler-243,285.110470,42.033958
Kepler-243,285.110470,42.033958
HD 16175,39.257961,42.062634
Kepler-314,294.674114,42.075588
Kepler-314,294.674114,42.075588
Kepler-196,284.968519,42.079205
Kepler-196,284.968519,42.079205
Kepler-207,290.030517,42.166050
Kepler-207,290.030517,42.166050
Kepler-207,290.030517,42.166050
Kepler-104,287.604612,42.166779
Kepler-104,287.604612,42.166779
Kepler-104,287.604612,42.166779
Kepler-280,291.390510,42.180588
Kepler-280,291.390510,42.180588
Kepler-279,287.391224,42.194836
Kepler-279,287.391224,42.194836
Kepler-279,287.391224,42.194836
Kepler-359,293.293635,42.196354
Kepler-359,293.293635,42.196354
Kepler-359,293.293635,42.196354
HD 197037,309.887329,42.248550
Kepler-60,288.961242,42.265011
Kepler-60,288.961242,42.265011
Kepler-60,288.961242,42.265011
Kepler-38,286.830353,42.279205
Kepler-244,287.242680,42.301369
Kepler-244,287.242680,42.301369
Kepler-244,287.242680,42.301369
Kepler-20,287.698004,42.338726
Kepler-20,287.698004,42.338726
Kepler-20,287.698004,42.338726
Kepler-20,287.698004,42.338726
Kepler-20,287.698004,42.338726
Kepler-374,294.137930,42.370502
Kepler-374,294.137930,42.370502
Kepler-374,294.137930,42.370502
Kepler-397,295.894109,42.380451
Kepler-397,295.894109,42.380451
Kepler-293,286.358057,42.406509
Kepler-293,286.358057,42.406509
Kepler-292,295.766145,42.424288
Kepler-292,295.766145,42.424288
Kepler-292,295.766145,42.424288
Kepler-292,295.766145,42.424288
Kepler-292,295.766145,42.424288
Kepler-28,292.137029,42.429420
Kepler-28,292.137029,42.429420
Kepler-343,291.960684,42.433006
Kepler-343,291.960684,42.433006
Kepler-245,291.638965,42.436317
Kepler-245,291.638965,42.436317
Kepler-245,291.638965,42.436317
Kepler-291,287.916357,42.437302
Kepler-291,287.916357,42.437302
Kepler-8,281.288118,42.451080
Kepler-312,298.395772,42.459756
Kepler-312,298.395772,42.459756
HAT-P-16,9.573181,42.463078
HAT-P-6,354.774222,42.465973
Kepler-61,295.304508,42.475290
Kepler-208,293.890206,42.528008
Kepler-208,293.890206,42.528008
Kepler-208,293.890206,42.528008
Kepler-208,293.890206,42.528008
Kepler-136,296.467314,42.598771
Kepler-136,296.467314,42.598771
Kepler-46,289.268744,42.604176
Kepler-46,289.268744,42.604176
Kepler-46,289.268744,42.604176
Kepler-209,291.169537,42.640812
Kepler-209,291.169537,42.640812
Kepler-351,286.452706,42.657879
Kepler-351,286.452706,42.657879
Kepler-119,295.946421,42.658924
Kepler-119,295.946421,42.658924
Kepler-246,296.483427,42.663429
Kepler-246,296.483427,42.663429
Kepler-290,286.409984,42.681553
Kepler-290,286.409984,42.681553
HIP 57050,175.435974,42.751972
Kepler-144,281.915678,42.775513
Kepler-144,281.915678,42.775513
Kepler-417,293.824314,42.779705
Kepler-417,293.824314,42.779705
Kepler-123,296.998621,42.781956
Kepler-123,296.998621,42.781956
Kepler-355,285.799457,42.811783
Kepler-355,285.799457,42.811783
Kepler-81,293.636950,42.824970
Kepler-81,293.636950,42.824970
Kepler-81,293.636950,42.824970
Kepler-160,287.773581,42.869286
Kepler-160,287.773581,42.869286
Kepler-289,297.465344,42.882850
Kepler-289,297.465344,42.882850
Kepler-289,297.465344,42.882850
Kepler-434,293.586381,42.928913
Kepler-82,292.873390,42.966137
Kepler-82,292.873390,42.966137
Kepler-82,292.873390,42.966137
Kepler-82,292.873390,42.966137
Kepler-137,282.135534,43.039101
Kepler-137,282.135534,43.039101
Kepler-247,288.642531,43.039291
Kepler-247,288.642531,43.039291
Kepler-247,288.642531,43.039291
Kepler-54,294.773939,43.056295
Kepler-54,294.773939,43.056295
Kepler-54,294.773939,43.056295
Kepler-184,291.951908,43.074715
Kepler-184,291.951908,43.074715
Kepler-184,291.951908,43.074715
Kepler-210,292.503389,43.083149
Kepler-210,292.503389,43.083149
Kepler-161,290.516491,43.083824
Kepler-161,290.516491,43.083824
Kepler-212,287.620834,43.141678
Kepler-212,287.620834,43.141678
Kepler-211,285.439151,43.168484
Kepler-211,285.439151,43.168484
Kepler-435,292.287328,43.197281
Kepler-112,296.981009,43.209751
Kepler-112,296.981009,43.209751
Kepler-431,281.112335,43.227789
Kepler-431,281.112335,43.227789
Kepler-431,281.112335,43.227789
Kepler-138,290.381547,43.292973
Kepler-138,290.381547,43.292973
Kepler-138,290.381547,43.292973
Kepler-402,288.370225,43.354610
Kepler-402,288.370225,43.354610
Kepler-402,288.370225,43.354610
Kepler-402,288.370225,43.354610
Kepler-315,298.023104,43.363522
Kepler-315,298.023104,43.363522
Kepler-392,288.660765,43.368084
Kepler-392,288.660765,43.368084
Kepler-341,289.861576,43.472775
Kepler-341,289.861576,43.472775
Kepler-341,289.861576,43.472775
Kepler-341,289.861576,43.472775
HAT-P-12,209.389489,43.493534
Kepler-116,294.742070,43.536835
Kepler-116,294.742070,43.536835
Kepler-248,293.061384,43.581356
Kepler-248,293.061384,43.581356
Kepler-302,294.316985,43.629345
Kepler-302,294.316985,43.629345
Kepler-303,283.135465,43.657055
Kepler-303,283.135465,43.657055
Kepler-249,296.985068,43.658524
Kepler-249,296.985068,43.658524
Kepler-249,296.985068,43.658524
Kepler-83,282.232525,43.665627
Kepler-83,282.232525,43.665627
Kepler-83,282.232525,43.665627
Kepler-412,286.110327,43.680958
Kepler-427,288.254580,43.704868
Kepler-162,297.278910,43.724018
Kepler-162,297.278910,43.724018
HD 13931,34.197414,43.772995
HD 95127,164.896194,43.814465
14 Her,242.601303,43.817646
Kepler-381,285.182787,43.831089
Kepler-381,285.182787,43.831089
Kepler-174,287.439194,43.832092
Kepler-174,287.439194,43.832092
Kepler-174,287.439194,43.832092
Kepler-176,294.667956,43.853259
Kepler-176,294.667956,43.853259
Kepler-176,294.667956,43.853259
Kepler-175,289.553283,43.876183
Kepler-175,289.553283,43.876183
Kepler-139,282.391957,43.889351
Kepler-139,282.391957,43.889351
Kepler-185,282.468103,43.889915
Kepler-185,282.468103,43.889915
Kepler-186,298.652714,43.955017
Kepler-186,298.652714,43.955017
Kepler-186,298.652714,43.955017
Kepler-186,298.652714,43.955017
Kepler-186,298.652714,43.955017
HD 99706,172.125885,43.966579
Kepler-128,282.492224,43.980213
Kepler-128,282.492224,43.980213
Kepler-357,291.243104,44.008720
Kepler-357,291.243104,44.008720
Kepler-357,291.243104,44.008720
GJ 15 A,4.595356,44.022953
Kepler-55,285.168338,44.026466
Kepler-55,285.168338,44.026466
Kepler-55,285.168338,44.026466
Kepler-55,285.168338,44.026466
Kepler-55,285.168338,44.026466
Kepler-437,297.347393,44.026947
Kepler-439,280.801566,44.033994
Kepler-5,299.407009,44.035046
HD 132563,224.589661,44.043148
Kepler-327,292.642372,44.087673
Kepler-327,292.642372,44.087673
Kepler-327,292.642372,44.087673
Kepler-187,299.796456,44.089306
Kepler-187,299.796456,44.089306
Kepler-251,296.566237,44.105865
Kepler-251,296.566237,44.105865
Kepler-251,296.566237,44.105865
Kepler-251,296.566237,44.105865
Kepler-91,285.672872,44.116734
Kepler-250,289.594765,44.141953
Kepler-250,289.594765,44.141953
Kepler-250,289.594765,44.141953
Kepler-321,294.453674,44.145756
Kepler-321,294.453674,44.145756
Kepler-266,294.484378,44.166916
Kepler-266,294.484378,44.166916
Kepler-316,290.826023,44.184109
Kepler-316,290.826023,44.184109
Kepler-126,289.347291,44.208553
Kepler-126,289.347291,44.208553
Kepler-126,289.347291,44.208553
HD 40979,91.124763,44.260445
Kepler-452,296.003688,44.277561
Kepler-271,283.002980,44.284233
Kepler-271,283.002980,44.284233
Kepler-322,281.348824,44.295242
Kepler-322,281.348824,44.295242
HD 96127,166.441452,44.301559
Kepler-189,287.564731,44.305004
Kepler-189,287.564731,44.305004
Kepler-188,281.279710,44.315533
Kepler-188,281.279710,44.315533
kap And,355.102112,44.333931
Kepler-106,300.863971,44.337555
Kepler-106,300.863971,44.337555
Kepler-106,300.863971,44.337555
Kepler-106,300.863971,44.337555
Kepler-77,289.607956,44.345425
Kepler-79,300.517131,44.381580
Kepler-79,300.517131,44.381580
Kepler-79,300.517131,44.381580
Kepler-79,300.517131,44.381580
Kepler-95,284.482459,44.398037
Kepler-436,301.720753,44.412063
Kepler-270,282.200100,44.422302
Kepler-270,282.200100,44.422302
Kepler-78,293.741690,44.448330
HD 216536,343.266598,44.477753
Kepler-37,284.059660,44.518131
Kepler-37,284.059660,44.518131
Kepler-37,284.059660,44.518131
Kepler-37,284.059660,44.518131
Kepler-145,291.387762,44.529106
Kepler-145,291.387762,44.529106
Kepler-252,295.579345,44.545963
Kepler-252,295.579345,44.545963
Kepler-388,284.828038,44.608730
Kepler-388,284.828038,44.608730
Kepler-349,293.676480,44.615578
Kepler-349,293.676480,44.615578
Kepler-42,292.219033,44.619160
Kepler-42,292.219033,44.619160
Kepler-42,292.219033,44.619160
Kepler-34,296.435821,44.641560
Kepler-213,290.824182,44.647186
Kepler-213,290.824182,44.647186
Kepler-57,293.641285,44.657040
Kepler-57,293.641285,44.657040
Kepler-111,291.653170,44.688274
Kepler-111,291.653170,44.688274
KIC 8540376,282.377530,44.694592
KIC 8540376,282.377530,44.694592
Kepler-190,288.584039,44.733799
Kepler-190,288.584039,44.733799
Kepler-18,298.079439,44.746321
Kepler-18,298.079439,44.746321
Kepler-18,298.079439,44.746321
Kepler-281,294.108191,44.770699
Kepler-281,294.108191,44.770699
Kepler-360,286.284731,44.781555
Kepler-360,286.284731,44.781555
Kepler-384,286.026112,44.782871
Kepler-384,286.026112,44.782871
Kepler-282,284.677277,44.797684
Kepler-282,284.677277,44.797684
Kepler-282,284.677277,44.797684
Kepler-282,284.677277,44.797684
Kepler-330,288.447375,44.801685
Kepler-330,288.447375,44.801685
Kepler-253,291.841992,44.858089
Kepler-253,291.841992,44.858089
Kepler-253,291.841992,44.858089
Kepler-69,293.260938,44.868896
Kepler-69,293.260938,44.868896
Kepler-389,291.960005,44.900024
Kepler-389,291.960005,44.900024
HAT-P-36,188.266255,44.915352
Kepler-446,282.250207,44.921102
Kepler-446,282.250207,44.921102
Kepler-446,282.250207,44.921102
Kepler-420,291.225180,44.927383
Kepler-214,284.754851,44.956032
Kepler-214,284.754851,44.956032
Kepler-406,291.848044,44.968224
Kepler-406,291.848044,44.968224
Kepler-177,286.047132,45.053207
Kepler-177,286.047132,45.053207
Kepler-421,283.256822,45.087776
Kepler-395,293.511099,45.136598
Kepler-395,293.511099,45.136598
Kepler-410 A,283.150698,45.139832
WASP-58,274.701064,45.172016
Kepler-393,290.995257,45.192215
Kepler-393,290.995257,45.192215
Kepler-215,294.973509,45.213688
Kepler-215,294.973509,45.213688
Kepler-215,294.973509,45.213688
Kepler-215,294.973509,45.213688
Kepler-329,299.268042,45.227428
Kepler-329,299.268042,45.227428
Kepler-115,297.711849,45.261925
Kepler-115,297.711849,45.261925
Kepler-85,290.973429,45.290318
Kepler-85,290.973429,45.290318
Kepler-85,290.973429,45.290318
Kepler-85,290.973429,45.290318
Kepler-191,291.183386,45.323177
Kepler-191,291.183386,45.323177
Kepler-404,286.398631,45.343533
Kepler-404,286.398631,45.343533
Kepler-62,283.212747,45.349865
Kepler-62,283.212747,45.349865
Kepler-62,283.212747,45.349865
Kepler-62,283.212747,45.349865
Kepler-62,283.212747,45.349865
Kepler-295,285.345843,45.367786
Kepler-295,285.345843,45.367786
Kepler-295,285.345843,45.367786
Kepler-368,291.880046,45.387936
Kepler-368,291.880046,45.387936
Kepler-335,296.064311,45.428623
Kepler-335,296.064311,45.428623
HAT-P-40,335.512861,45.457378
Kepler-192,287.917924,45.592876
Kepler-192,287.917924,45.592876
HD 81688,142.166626,45.601482
Kepler-387,287.798184,45.656715
Kepler-387,287.798184,45.656715
Kepler-44,300.102352,45.762142
Kepler-254,288.164701,45.816504
Kepler-254,288.164701,45.816504
Kepler-254,288.164701,45.816504
Kepler-31,294.023014,45.853081
Kepler-31,294.023014,45.853081
Kepler-31,294.023014,45.853081
Kepler-382,299.136166,45.869934
Kepler-382,299.136166,45.869934
Kepler-345,295.228802,45.971020
Kepler-345,295.228802,45.971020
Kepler-255,296.064233,45.976841
Kepler-255,296.064233,45.976841
Kepler-41,294.513229,45.981644
Kepler-326,294.325546,46.002254
Kepler-326,294.325546,46.002254
Kepler-326,294.325546,46.002254
Kepler-33,289.077548,46.005222
Kepler-33,289.077548,46.005222
Kepler-33,289.077548,46.005222
Kepler-33,289.077548,46.005222
Kepler-33,289.077548,46.005222
Kepler-257,297.315994,46.023269
Kepler-257,297.315994,46.023269
Kepler-257,297.315994,46.023269
Kepler-127,285.189985,46.027962
Kepler-127,285.189985,46.027962
Kepler-127,285.189985,46.027962
Kepler-39,296.960265,46.034298
Kepler-352,299.896521,46.051975
Kepler-352,299.896521,46.051975
Kepler-294,287.392009,46.059312
Kepler-294,287.392009,46.059312
Kepler-108,294.559169,46.062325
Kepler-108,294.559169,46.062325
2MASS J19383260+4603591,294.635865,46.066418
Kepler-256,292.580445,46.097389
Kepler-256,292.580445,46.097389
Kepler-256,292.580445,46.097389
Kepler-256,292.580445,46.097389
Kepler-346,288.011911,46.117607
Kepler-346,288.011911,46.117607
Kepler-216,293.728072,46.129154
Kepler-216,293.728072,46.129154
Kepler-67,294.153336,46.166438
Kepler-320,293.213548,46.175125
Kepler-320,293.213548,46.175125
Kepler-218,295.412811,46.266472
Kepler-218,295.412811,46.266472
Kepler-105,287.887325,46.276237
Kepler-105,287.887325,46.276237
Kepler-217,293.037744,46.277508
Kepler-217,293.037744,46.277508
KOI-217,294.865505,46.285854
Kepler-422,282.629656,46.323357
Kepler-344,292.499645,46.324406
Kepler-344,292.499645,46.324406
KIC 9663113,297.045421,46.328701
Kepler-453,283.241297,46.378471
Kepler-423,292.855742,46.391178
Kepler-378,294.948588,46.438641
Kepler-378,294.948588,46.438641
Kepler-445,298.736067,46.498552
Kepler-445,298.736067,46.498552
Kepler-445,298.736067,46.498552
Kepler-26,284.940997,46.566540
Kepler-26,284.940997,46.566540
Kepler-26,284.940997,46.566540
Kepler-26,284.940997,46.566540
Kepler-32,297.842398,46.574281
Kepler-32,297.842398,46.574281
Kepler-32,297.842398,46.574281
Kepler-32,297.842398,46.574281
Kepler-32,297.842398,46.574281
Kepler-193,296.498596,46.577244
Kepler-193,296.498596,46.577244
Kepler-258,294.068490,46.579330
Kepler-258,294.068490,46.579330
Kepler-259,288.211929,46.615005
Kepler-259,288.211929,46.615005
Kepler-59,287.039503,46.640129
Kepler-59,287.039503,46.640129
Kepler-43,285.240856,46.668255
Kepler-66,293.981569,46.687748
HAT-P-32,31.042848,46.687836
Kepler-35,294.496978,46.689762
Kepler-342,292.678083,46.726715
Kepler-342,292.678083,46.726715
Kepler-342,292.678083,46.726715
Kepler-361,296.803453,46.741154
Kepler-361,296.803453,46.741154
Kepler-403,289.921461,46.744560
Kepler-403,289.921461,46.744560
Kepler-219,288.738980,46.762558
Kepler-219,288.738980,46.762558
Kepler-219,288.738980,46.762558
Kepler-140,287.369468,46.768213
Kepler-140,287.369468,46.768213
Kepler-318,298.482828,46.793617
Kepler-318,298.482828,46.793617
Kepler-221,296.654765,46.835270
Kepler-221,296.654765,46.835270
Kepler-221,296.654765,46.835270
Kepler-221,296.654765,46.835270
Kepler-409,293.679190,46.852764
Kepler-148,289.786216,46.858788
Kepler-148,289.786216,46.858788
KOI-13,286.971199,46.868362
Kepler-220,291.506237,46.895779
Kepler-220,291.506237,46.895779
Kepler-220,291.506237,46.895779
Kepler-220,291.506237,46.895779
Kepler-178,287.101089,46.896477
Kepler-178,287.101089,46.896477
Kepler-178,287.101089,46.896477
Kepler-47,295.297916,46.920467
Kepler-47,295.297916,46.920467
Kepler-222,287.906100,46.937767
Kepler-222,287.906100,46.937767
Kepler-222,287.906100,46.937767
Kepler-309,297.509851,46.961281
Kepler-309,297.509851,46.961281
Kepler-87,297.916877,46.965130
Kepler-87,297.916877,46.965130
KIC 10001893,287.389188,46.984489
KIC 10001893,287.389188,46.984489
KIC 10001893,287.389188,46.984489
HD 141399,236.724228,46.986263
HD 141399,236.724228,46.986263
HD 141399,236.724228,46.986263
HD 141399,236.724228,46.986263
Kepler-310,288.839363,46.986744
Kepler-310,288.839363,46.986744
Kepler-310,288.839363,46.986744
Kepler-163,295.002819,46.987328
Kepler-163,295.002819,46.987328
HAT-P-44,213.144074,47.014687
HAT-P-44,213.144074,47.014687
HD 154345,255.651688,47.081882
Kepler-311,282.061290,47.085491
Kepler-311,282.061290,47.085491
Kepler-334,287.140668,47.115196
Kepler-334,287.140668,47.115196
Kepler-334,287.140668,47.115196
Kepler-267,299.830387,47.157461
Kepler-267,299.830387,47.157461
Kepler-267,299.830387,47.157461
Kepler-337,290.060490,47.163956
Kepler-337,290.060490,47.163956
Kepler-102,281.482749,47.208031
Kepler-102,281.482749,47.208031
Kepler-102,281.482749,47.208031
Kepler-102,281.482749,47.208031
Kepler-102,281.482749,47.208031
Kepler-223,298.318356,47.279495
Kepler-223,298.318356,47.279495
Kepler-223,298.318356,47.279495
Kepler-223,298.318356,47.279495
Kepler-14,287.708814,47.333050
HAT-P-13,129.882536,47.352051
HAT-P-13,129.882536,47.352051
Kepler-224,290.934287,47.357601
Kepler-224,290.934287,47.357601
Kepler-224,290.934287,47.357601
Kepler-224,290.934287,47.357601
Kepler-364,281.569933,47.398697
Kepler-364,281.569933,47.398697
Kepler-332,286.662964,47.413700
Kepler-332,286.662964,47.413700
Kepler-332,286.662964,47.413700
Kepler-225,292.193984,47.457096
Kepler-225,292.193984,47.457096
Kepler-29,298.348324,47.491226
Kepler-29,298.348324,47.491226
Kepler-94,281.194747,47.497148
Kepler-94,281.194747,47.497148
Kepler-40,296.813690,47.526608
Kepler-362,291.771639,47.529903
Kepler-362,291.771639,47.529903
Kepler-272,299.127524,47.593830
Kepler-272,299.127524,47.593830
Kepler-272,299.127524,47.593830
Kepler-125,298.258123,47.604946
Kepler-125,298.258123,47.604946
Kepler-164,287.780828,47.629913
Kepler-164,287.780828,47.629913
Kepler-164,287.780828,47.629913
Kepler-273,291.302209,47.697758
Kepler-273,291.302209,47.697758
Kepler-284,293.146491,47.729649
Kepler-284,293.146491,47.729649
Kepler-141,297.970897,47.731678
Kepler-141,297.970897,47.731678
Kepler-179,298.663735,47.762043
Kepler-179,298.663735,47.762043
KIC 10525077,287.378077,47.771187
Kepler-165,280.691016,47.809735
Kepler-165,280.691016,47.809735
Kepler-17,298.395274,47.815006
Kepler-283,293.613726,47.838998
Kepler-283,293.613726,47.838998
Kepler-129,285.311284,47.848595
Kepler-129,285.311284,47.848595
Kepler-194,291.971445,47.864174
Kepler-194,291.971445,47.864174
Kepler-194,291.971445,47.864174
Kepler-226,292.376129,47.880989
Kepler-226,292.376129,47.880989
Kepler-226,292.376129,47.880989
Kepler-22,289.217484,47.884464
Kepler-369,293.674235,47.908467
Kepler-369,293.674235,47.908467
Kepler-195,288.120962,47.966667
Kepler-195,288.120962,47.966667
HAT-P-7,292.247310,47.969513
HAT-P-3,206.094121,48.028667
Kepler-117,288.793037,48.040234
Kepler-117,288.793037,48.040234
Kepler-285,291.390905,48.065609
Kepler-285,291.390905,48.065609
HAT-P-11,297.709351,48.080856
Kepler-375,288.617907,48.098416
Kepler-375,288.617907,48.098416
Kepler-227,291.934236,48.141651
Kepler-227,291.934236,48.141651
Kepler-107,297.028248,48.208611
Kepler-107,297.028248,48.208611
Kepler-107,297.028248,48.208611
Kepler-107,297.028248,48.208611
Kepler-228,296.286142,48.224667
Kepler-228,296.286142,48.224667
Kepler-228,296.286142,48.224667
Kepler-6,296.837254,48.239964
Kepler-414,297.961566,48.244362
Kepler-414,297.961566,48.244362
Kepler-153,282.460522,48.257118
Kepler-153,282.460522,48.257118
Kepler-358,293.230225,48.281376
Kepler-358,293.230225,48.281376
Kepler-432,293.282206,48.285900
Kepler-432,293.282206,48.285900
Kepler-286,290.676145,48.294289
Kepler-286,290.676145,48.294289
Kepler-286,290.676145,48.294289
Kepler-286,290.676145,48.294289
Kepler-133,297.277976,48.320328
Kepler-133,297.277976,48.320328
Kepler-114,294.121421,48.349525
Kepler-114,294.121421,48.349525
Kepler-114,294.121421,48.349525
Kepler-101,283.255489,48.355228
Kepler-101,283.255489,48.355228
Kepler-229,286.999471,48.375797
Kepler-229,286.999471,48.375797
Kepler-229,286.999471,48.375797
Kepler-408,284.786175,48.423233
Kepler-287,290.927458,48.443550
Kepler-287,290.927458,48.443550
Kepler-339,293.351712,48.444641
Kepler-339,293.351712,48.444641
Kepler-339,293.351712,48.444641
Kepler-142,295.118899,48.481281
Kepler-142,295.118899,48.481281
Kepler-142,295.118899,48.481281
Kepler-230,285.718538,48.505859
Kepler-230,285.718538,48.505859
Kepler-447,285.268586,48.560013
Kepler-424,298.624890,48.577454
Kepler-424,298.624890,48.577454
Kepler-299,283.206964,48.580502
Kepler-299,283.206964,48.580502
Kepler-299,283.206964,48.580502
Kepler-299,283.206964,48.580502
Kepler-300,295.288694,48.599720
Kepler-300,295.288694,48.599720
Kepler-110,292.929133,48.602814
Kepler-110,292.929133,48.602814
Kepler-97,287.326624,48.673431
Kepler-97,287.326624,48.673431
Kepler-386,289.858871,48.693855
Kepler-386,289.858871,48.693855
Kepler-380,282.394616,48.759140
Kepler-380,282.394616,48.759140
Kepler-313,298.294935,48.775459
Kepler-313,298.294935,48.775459
Kepler-297,283.209159,48.777645
Kepler-297,283.209159,48.777645
Kepler-298,283.039792,48.825359
Kepler-298,283.039792,48.825359
Kepler-298,283.039792,48.825359
Kepler-166,293.160171,48.881191
Kepler-166,293.160171,48.881191
HIP 65407,201.087662,48.885094
HIP 65407,201.087662,48.885094
Kepler-396,296.132818,48.977402
Kepler-396,296.132818,48.977402
HD 222155,354.501282,48.996521
Kepler-441,284.566904,49.012546
Kepler-68,291.032305,49.040272
Kepler-68,291.032305,49.040272
Kepler-68,291.032305,49.040272
Kepler-124,286.752797,49.064911
Kepler-124,286.752797,49.064911
Kepler-124,286.752797,49.064911
Kepler-366,296.852042,49.084446
Kepler-366,296.852042,49.084446
Kepler-365,295.626598,49.130436
Kepler-365,295.626598,49.130436
Kepler-15,296.200595,49.140125
Kepler-36,291.250191,49.231827
Kepler-36,291.250191,49.231827
Kepler-301,283.982968,49.232990
Kepler-301,283.982968,49.232990
Kepler-301,283.982968,49.232990
Kepler-372,291.256195,49.258953
Kepler-372,291.256195,49.258953
Kepler-372,291.256195,49.258953
KOI-351,284.433492,49.305161
KOI-351,284.433492,49.305161
KOI-351,284.433492,49.305161
KOI-351,284.433492,49.305161
KOI-351,284.433492,49.305161
KOI-351,284.433492,49.305161
KOI-351,284.433492,49.305161
Kepler-347,289.199596,49.305717
Kepler-347,289.199596,49.305717
TrES-2,286.808473,49.316402
Kepler-143,298.067706,49.412605
Kepler-143,298.067706,49.412605
Kepler-296,286.540008,49.437326
Kepler-296,286.540008,49.437326
Kepler-296,286.540008,49.437326
Kepler-296,286.540008,49.437326
Kepler-296,286.540008,49.437326
Kepler-426,289.434628,49.473400
Kepler-23,294.218924,49.479225
Kepler-23,294.218924,49.479225
Kepler-23,294.218924,49.479225
Kepler-411,287.605582,49.523262
Kepler-63,289.226179,49.548203
Kepler-430,292.808636,49.579445
Kepler-430,292.808636,49.579445
BD+48 738,40.710224,49.586960
Kepler-134,284.739001,49.598396
Kepler-134,284.739001,49.598396
Kepler-407,286.036347,49.614506
Kepler-407,286.036347,49.614506
Kepler-324,286.471473,49.649021
Kepler-324,286.471473,49.649021
HD 17092,41.592117,49.653076
BD+49 828,45.640529,49.730011
Kepler-180,295.571343,49.774586
Kepler-180,295.571343,49.774586
Kepler-325,289.835434,49.825626
Kepler-325,289.835434,49.825626
Kepler-325,289.835434,49.825626
Kepler-154,289.780522,49.896530
Kepler-154,289.780522,49.896530
Kepler-51,296.479776,49.937683
Kepler-51,296.479776,49.937683
Kepler-51,296.479776,49.937683
Kepler-443,288.610544,49.968632
Kepler-52,286.738033,49.975750
Kepler-52,286.738033,49.975750
Kepler-52,286.738033,49.975750
Kepler-367,297.292418,49.981632
Kepler-367,297.292418,49.981632
Kepler-50,288.100873,50.033718
Kepler-50,288.100873,50.033718
Kepler-12,286.243425,50.040382
Kepler-181,296.151402,50.095806
Kepler-181,296.151402,50.095806
HAT-P-22,155.681719,50.128345
Kepler-4,285.615322,50.135754
XO-2 S,117.031174,50.217556
XO-2 S,117.031174,50.217556
XO-2 N,117.026968,50.225800
Kepler-10,285.679394,50.241299
Kepler-10,285.679394,50.241299
Kepler-385,294.338483,50.336544
Kepler-385,294.338483,50.336544
16 Cyg B,295.466553,50.517525
Kepler-231,293.973353,50.531914
Kepler-231,293.973353,50.531914
Kepler-197,295.226435,50.559006
Kepler-197,295.226435,50.559006
Kepler-197,295.226435,50.559006
Kepler-197,295.226435,50.559006
Kepler-182,289.830114,50.586246
Kepler-182,289.830114,50.586246
Kepler-373,289.387993,50.597050
Kepler-373,289.387993,50.597050
HD 80606,140.656540,50.603722
Kepler-394,296.301953,50.672318
Kepler-394,296.301953,50.672318
Kepler-401,290.082749,50.863483
Kepler-401,290.082749,50.863483
Kepler-113,287.997883,50.944332
Kepler-113,287.997883,50.944332
Kepler-450,295.486509,51.013500
Kepler-450,295.486509,51.013500
Kepler-450,295.486509,51.013500
Kepler-391,290.621815,51.057304
Kepler-391,290.621815,51.057304
Kepler-155,288.495833,51.081947
Kepler-155,288.495833,51.081947
Kepler-232,295.816158,51.121742
Kepler-232,295.816158,51.121742
Kepler-413,288.510620,51.162472
Kepler-419,295.417899,51.184765
Kepler-419,295.417899,51.184765
HAT-P-37,284.296064,51.269138
Kepler-233,296.366522,51.319523
Kepler-233,296.366522,51.319523
Kepler-16,289.075710,51.757439
HAT-P-29,33.131142,51.778759
PH2,289.763590,51.962601
HD 132406,224.227707,53.382168
HD 233604,137.453380,53.568230
HD 118203,203.510574,53.728531
HD 139357,233.817490,53.922142
HD 167042,272.631836,54.286552
HD 2952,8.293311,54.894985
WASP-48,291.162330,55.473160
HD 163607,268.418732,56.391956
HD 163607,268.418732,56.391956
HD 219415,348.724278,56.730328
HD 220842,351.654114,56.886528
HD 240210,347.621792,57.029456
HD 219134,348.320740,57.168354
HD 219134,348.320740,57.168354
HD 219134,348.320740,57.168354
HD 219134,348.320740,57.168354
HD 219134,348.320740,57.168354
HD 219134,348.320740,57.168354
HD 102956,177.843796,57.640736
XO-3,65.469581,57.817181
HD 240237,348.925934,58.043240
6 Lyn,97.696281,58.162632
XO-4,110.388223,58.268108
TYC 3667-1280-1,12.887344,58.426167
HIP 75458,231.232391,58.966064
TrES-5,305.221841,59.448788
omi UMa,127.566124,60.718170
HD 68988,124.592384,61.460724
HIP 91258,279.221466,61.702503
HD 220074,350.059906,61.970127
HD 156279,258.096680,63.352093
HD 113337,195.445526,63.610226
HD 35759,82.888962,64.318779
4 UMa,130.053406,64.327934
Qatar-1,303.381672,65.162041
42 Dra,276.496399,65.563484
HD 13908,34.560665,65.594360
HD 13908,34.560665,65.594360
GJ 687,264.107910,68.339142
HD 143105,238.402328,68.720116
HD 32518,77.403000,69.639404
HIP 109384,332.405823,71.314331
HD 17156,42.435364,71.753235
11 UMi,229.274536,71.823898
psi Dra B,265.492096,72.156914
HD 11755,29.708696,73.152382
HD 24064,59.151241,74.080032
bet UMi,222.676361,74.155502
HD 109246,188.029953,74.489548
8 UMi,224.201477,74.900925
HD 7924,20.496313,76.710281
HD 7924,20.496313,76.710281
HD 7924,20.496313,76.710281
HD 104985,181.312988,76.905731
gam Cep,354.836884,77.632278
HD 120084,205.663345,78.064438
HD 33564,80.639717,79.231148
HD 150706,247.823273,79.789772
HD 12648,34.748653,85.736153
